trees,tree_depth,learn_rate,loss_reduction,sample_size,.config
1163,11,0.02245014077563253,1.2195812054062282e-8,0.35761210687691347,Preprocessor1_Model08
