trees,tree_depth,learn_rate,loss_reduction,sample_size,.config
1866,15,0.003095380104179548,1.0953013801355453e-5,0.3011522814165801,Preprocessor1_Model46
