trees,tree_depth,learn_rate,loss_reduction,sample_size,.config
501,7,0.015998701575942943,5.769179962984295e-7,0.42382345244288444,Preprocessor1_Model05
