trees,tree_depth,learn_rate,loss_reduction,sample_size,.config
1950,5,0.030501892778089797,4.091056115034823e-6,0.7259482686407864,Preprocessor1_Model18
